{"cameraMode":{"drawMode":0,"name":"Shaded","section":"Shading Mode"},"sceneLighting":true,"audioPlay":false,"sceneViewState":{"showFog":true,"showMaterialUpdate":false,"showSkybox":true,"showFlares":true,"showImageEffects":true,"showParticleSystems":true},"in2DMode":false,"pivot":{"x":-5.840643882751465,"y":-2.237196445465088,"z":9.980900764465332},"rotation":{"x":-0.06943348795175553,"y":-0.5170615315437317,"z":0.04214591532945633,"w":-0.8521166443824768},"size":17.51470375061035,"orthographic":false}