{"cameraMode":{"drawMode":0,"name":"Shaded","section":"Shading Mode"},"sceneLighting":false,"audioPlay":false,"sceneViewState":{"showFog":true,"showMaterialUpdate":false,"showSkybox":true,"showFlares":true,"showImageEffects":true,"showParticleSystems":true},"in2DMode":false,"pivot":{"x":31.391983032226564,"y":-25.247180938720704,"z":-12.353191375732422},"rotation":{"x":-0.12758834660053254,"y":-0.8670334219932556,"z":0.2848328948020935,"w":-0.3884541094303131},"size":67.34967803955078,"orthographic":false}