{"cameraMode":{"drawMode":0,"name":"Shaded","section":"Shading Mode"},"sceneLighting":false,"audioPlay":false,"sceneViewState":{"showFog":true,"showMaterialUpdate":false,"showSkybox":true,"showFlares":true,"showImageEffects":true,"showParticleSystems":true},"in2DMode":false,"pivot":{"x":-0.2948611378669739,"y":0.004331529140472412,"z":0.16709201037883759},"rotation":{"x":-0.36271822452545168,"y":0.3942590355873108,"z":-0.17158205807209016,"w":-0.8269804120063782},"size":0.7966493964195252,"orthographic":false}