{"cameraMode":{"drawMode":0,"name":"Shaded","section":"Shading Mode"},"sceneLighting":true,"audioPlay":false,"sceneViewState":{"showFog":true,"showMaterialUpdate":true,"showSkybox":true,"showFlares":true,"showImageEffects":true,"showParticleSystems":true},"in2DMode":false,"pivot":{"x":-16.005836486816408,"y":23.227903366088868,"z":6.886785507202148},"rotation":{"x":0.23965804278850556,"y":0.7247962355613709,"z":-0.3058864176273346,"w":0.5693179368972778},"size":6.98553991317749,"orthographic":false}