{"cameraMode":{"drawMode":0,"name":"Shaded","section":"Shading Mode"},"sceneLighting":false,"audioPlay":false,"sceneViewState":{"showFog":true,"showMaterialUpdate":false,"showSkybox":true,"showFlares":true,"showImageEffects":true,"showParticleSystems":true},"in2DMode":false,"pivot":{"x":13.857223510742188,"y":-5.100888252258301,"z":3.5110325813293459},"rotation":{"x":-0.17280980944633485,"y":-0.5778690576553345,"z":0.1267850250005722,"w":-0.7875173091888428},"size":22.0,"orthographic":false}