{"cameraMode":{"drawMode":0,"name":"Shaded","section":"Shading Mode"},"sceneLighting":false,"audioPlay":false,"sceneViewState":{"showFog":true,"showMaterialUpdate":false,"showSkybox":true,"showFlares":true,"showImageEffects":true,"showParticleSystems":true},"in2DMode":false,"pivot":{"x":-2.24819016456604,"y":6.932398319244385,"z":5.591729640960693},"rotation":{"x":0.10093320906162262,"y":-0.29529377818107607,"z":0.031386617571115497,"w":0.9495513439178467},"size":17.230709075927736,"orthographic":false}