{"cameraMode":{"drawMode":0,"name":"Shaded","section":"Shading Mode"},"sceneLighting":false,"audioPlay":false,"sceneViewState":{"showFog":true,"showMaterialUpdate":false,"showSkybox":true,"showFlares":true,"showImageEffects":true,"showParticleSystems":true},"in2DMode":false,"pivot":{"x":29.542694091796876,"y":0.8437501192092896,"z":5.786767959594727},"rotation":{"x":-0.14733299612998963,"y":0.6236646771430969,"z":-0.12180804461240769,"w":-0.7582158446311951},"size":7.40795373916626,"orthographic":false}