{"cameraMode":{"drawMode":0,"name":"Shaded","section":"Shading Mode"},"sceneLighting":false,"audioPlay":false,"sceneViewState":{"showFog":true,"showMaterialUpdate":false,"showSkybox":true,"showFlares":true,"showImageEffects":true,"showParticleSystems":true},"in2DMode":false,"pivot":{"x":-0.7204049229621887,"y":-0.0008847154676914215,"z":0.3845907151699066},"rotation":{"x":0.1573648452758789,"y":-0.7537614703178406,"z":0.1952800750732422,"w":0.607416033744812},"size":6.126474380493164,"orthographic":false}