{"cameraMode":{"drawMode":0,"name":"Shaded","section":"Shading Mode"},"sceneLighting":false,"audioPlay":false,"sceneViewState":{"showFog":true,"showMaterialUpdate":false,"showSkybox":true,"showFlares":true,"showImageEffects":true,"showParticleSystems":true},"in2DMode":false,"pivot":{"x":-2.4045419692993166,"y":-3.7939014434814455,"z":8.227811813354493},"rotation":{"x":0.38253384828567507,"y":0.05736467242240906,"z":-0.0237567201256752,"w":0.9219176173210144},"size":12.23985481262207,"orthographic":false}