{"cameraMode":{"drawMode":0,"name":"Shaded","section":"Shading Mode"},"sceneLighting":false,"audioPlay":false,"sceneViewState":{"showFog":true,"showMaterialUpdate":false,"showSkybox":true,"showFlares":true,"showImageEffects":true,"showParticleSystems":true},"in2DMode":false,"pivot":{"x":1.384009838104248,"y":-0.6492077708244324,"z":0.14902423322200776},"rotation":{"x":0.12616902589797975,"y":0.8087850213050842,"z":-0.5427945256233215,"w":0.18862298130989076},"size":7.792552947998047,"orthographic":false}