{"cameraMode":{"drawMode":2,"name":"Shaded Wireframe","section":"Shading Mode"},"sceneLighting":true,"audioPlay":false,"sceneViewState":{"showFog":true,"showMaterialUpdate":false,"showSkybox":true,"showFlares":true,"showImageEffects":true,"showParticleSystems":true},"in2DMode":false,"pivot":{"x":-7.304594039916992,"y":8.013652801513672,"z":2.875957727432251},"rotation":{"x":-0.2389339953660965,"y":-0.7344118356704712,"z":0.32027241587638857,"w":-0.548852264881134},"size":6.684727191925049,"orthographic":false}