{"cameraMode":{"drawMode":0,"name":"Shaded","section":"Shading Mode"},"sceneLighting":false,"audioPlay":false,"sceneViewState":{"showFog":true,"showMaterialUpdate":false,"showSkybox":true,"showFlares":true,"showImageEffects":true,"showParticleSystems":true},"in2DMode":false,"pivot":{"x":-0.9083025455474854,"y":0.11164063215255737,"z":0.3637341260910034},"rotation":{"x":0.1077936440706253,"y":-0.5933514833450317,"z":0.08059268444776535,"w":0.7936140894889832},"size":2.442018747329712,"orthographic":false}