{"cameraMode":{"drawMode":0,"name":"Shaded","section":"Shading Mode"},"sceneLighting":false,"audioPlay":false,"sceneViewState":{"showFog":true,"showMaterialUpdate":false,"showSkybox":true,"showFlares":true,"showImageEffects":true,"showParticleSystems":true},"in2DMode":false,"pivot":{"x":-1.608443021774292,"y":-0.13167715072631837,"z":5.244896411895752},"rotation":{"x":0.40531280636787417,"y":0.007443698588758707,"z":-0.0032591605558991434,"w":0.9142041802406311},"size":11.208401679992676,"orthographic":false}