{"cameraMode":{"drawMode":0,"name":"Shaded","section":"Shading Mode"},"sceneLighting":false,"audioPlay":false,"sceneViewState":{"showFog":true,"showMaterialUpdate":false,"showSkybox":true,"showFlares":true,"showImageEffects":true,"showParticleSystems":true},"in2DMode":false,"pivot":{"x":0.9367937445640564,"y":0.8330350518226624,"z":0.7399351596832275},"rotation":{"x":0.3677724301815033,"y":-0.1388656198978424,"z":0.055192794650793079,"w":0.9179521799087524},"size":11.767616271972657,"orthographic":false}