{"cameraMode":{"drawMode":0,"name":"Shaded","section":"Shading Mode"},"sceneLighting":false,"audioPlay":false,"sceneViewState":{"showFog":true,"showMaterialUpdate":false,"showSkybox":true,"showFlares":true,"showImageEffects":true,"showParticleSystems":true},"in2DMode":false,"pivot":{"x":-2.88987135887146,"y":-3.579258441925049,"z":8.00670051574707},"rotation":{"x":0.45401132106781008,"y":-0.015461170114576817,"z":0.007926485501229763,"w":0.8908918499946594},"size":11.208401679992676,"orthographic":false}