{"cameraMode":{"drawMode":0,"name":"Shaded","section":"Shading Mode"},"sceneLighting":false,"audioPlay":false,"sceneViewState":{"showFog":true,"showMaterialUpdate":false,"showSkybox":true,"showFlares":true,"showImageEffects":true,"showParticleSystems":true},"in2DMode":false,"pivot":{"x":-4.909135818481445,"y":0.5095682144165039,"z":2.228022575378418},"rotation":{"x":0.34050294756889346,"y":-0.27216172218322756,"z":0.10364945232868195,"w":0.8940353989601135},"size":17.230709075927736,"orthographic":false}