{"cameraMode":{"drawMode":0,"name":"Shaded","section":"Shading Mode"},"sceneLighting":false,"audioPlay":false,"sceneViewState":{"showFog":true,"showMaterialUpdate":false,"showSkybox":true,"showFlares":true,"showImageEffects":true,"showParticleSystems":true},"in2DMode":false,"pivot":{"x":6.5540771484375,"y":3.2951202392578127,"z":-10.066761016845704},"rotation":{"x":0.34808942675590517,"y":0.09240406006574631,"z":-0.03453025221824646,"w":0.932386040687561},"size":36.93556594848633,"orthographic":false}