{"cameraMode":{"drawMode":0,"name":"Shaded","section":"Shading Mode"},"sceneLighting":true,"audioPlay":false,"sceneViewState":{"showFog":true,"showMaterialUpdate":false,"showSkybox":true,"showFlares":true,"showImageEffects":true,"showParticleSystems":true},"in2DMode":false,"pivot":{"x":-2.4471075534820558,"y":1.1603446006774903,"z":0.14540815353393556},"rotation":{"x":-0.0017163914162665606,"y":-0.895054817199707,"z":0.4460311233997345,"w":-0.003493349766358733},"size":4.666904449462891,"orthographic":false}