{"cameraMode":{"drawMode":0,"name":"Shaded","section":"Shading Mode"},"sceneLighting":true,"audioPlay":false,"sceneViewState":{"showFog":true,"showMaterialUpdate":true,"showSkybox":true,"showFlares":true,"showImageEffects":true,"showParticleSystems":true},"in2DMode":false,"pivot":{"x":-11.575387954711914,"y":1.083961844444275,"z":9.318262100219727},"rotation":{"x":0.07434400171041489,"y":-0.8283599019050598,"z":0.1108134463429451,"w":0.5444162487983704},"size":0.9830491542816162,"orthographic":false}