{"cameraMode":{"drawMode":0,"name":"Shaded","section":"Shading Mode"},"sceneLighting":false,"audioPlay":false,"sceneViewState":{"showFog":true,"showMaterialUpdate":false,"showSkybox":true,"showFlares":true,"showImageEffects":true,"showParticleSystems":true},"in2DMode":false,"pivot":{"x":-3.0001983642578127,"y":2.0000500679016115,"z":-6.0},"rotation":{"x":-0.3177810311317444,"y":-0.18859821557998658,"z":0.06510425359010697,"w":-0.9270819425582886},"size":23.103158950805665,"orthographic":false}