{"cameraMode":{"drawMode":0,"name":"Shaded","section":"Shading Mode"},"sceneLighting":false,"audioPlay":false,"sceneViewState":{"showFog":true,"showMaterialUpdate":false,"showSkybox":true,"showFlares":true,"showImageEffects":true,"showParticleSystems":true},"in2DMode":false,"pivot":{"x":-4.695992469787598,"y":-0.9105568528175354,"z":-1.5316697359085084},"rotation":{"x":0.36695903539657595,"y":-0.4887658357620239,"z":0.23754596710205079,"w":0.7550340294837952},"size":17.230709075927736,"orthographic":false}