{"cameraMode":{"drawMode":0,"name":"Shaded","section":"Shading Mode"},"sceneLighting":false,"audioPlay":false,"sceneViewState":{"showFog":true,"showMaterialUpdate":false,"showSkybox":true,"showFlares":true,"showImageEffects":true,"showParticleSystems":true},"in2DMode":false,"pivot":{"x":3.9802358150482179,"y":1.2501275539398194,"z":-8.080218315124512},"rotation":{"x":0.32596397399902346,"y":0.6241577863693237,"z":-0.32149484753608706,"w":0.6332703828811646},"size":6.684727191925049,"orthographic":false}