{"cameraMode":{"drawMode":0,"name":"Shaded","section":"Shading Mode"},"sceneLighting":false,"audioPlay":false,"sceneViewState":{"showFog":true,"showMaterialUpdate":false,"showSkybox":true,"showFlares":true,"showImageEffects":true,"showParticleSystems":true},"in2DMode":false,"pivot":{"x":0.005352020263671875,"y":0.4100528955459595,"z":-0.2013462781906128},"rotation":{"x":-0.08062990009784699,"y":0.6520810127258301,"z":-0.06976564973592758,"w":-0.750813901424408},"size":3.7770230770111086,"orthographic":false}