{"cameraMode":{"drawMode":0,"name":"Shaded","section":"Shading Mode"},"sceneLighting":false,"audioPlay":false,"sceneViewState":{"showFog":true,"showMaterialUpdate":false,"showSkybox":true,"showFlares":true,"showImageEffects":true,"showParticleSystems":true},"in2DMode":false,"pivot":{"x":0.3149995803833008,"y":1.321000576019287,"z":0.3899996280670166},"rotation":{"x":0.042121052742004397,"y":-0.8524781465530396,"z":0.5166451930999756,"w":0.07059386372566223},"size":48.3947868347168,"orthographic":false}