{"cameraMode":{"drawMode":0,"name":"Shaded","section":"Shading Mode"},"sceneLighting":false,"audioPlay":false,"sceneViewState":{"showFog":true,"showMaterialUpdate":false,"showSkybox":true,"showFlares":true,"showImageEffects":true,"showParticleSystems":true},"in2DMode":false,"pivot":{"x":5.060360908508301,"y":-0.7613625526428223,"z":0.5943928360939026},"rotation":{"x":-0.06616482883691788,"y":-0.6868337392807007,"z":0.06301742047071457,"w":-0.7210597395896912},"size":7.029166221618652,"orthographic":false}