{"cameraMode":{"drawMode":0,"name":"Shaded","section":"Shading Mode"},"sceneLighting":true,"audioPlay":false,"sceneViewState":{"showFog":true,"showMaterialUpdate":false,"showSkybox":true,"showFlares":true,"showImageEffects":true,"showParticleSystems":true},"in2DMode":false,"pivot":{"x":-7.650418281555176,"y":0.8011150360107422,"z":3.1803438663482668},"rotation":{"x":0.20703111588954926,"y":0.7892228960990906,"z":-0.4507887065410614,"w":0.3622666299343109},"size":11.611554145812989,"orthographic":false}