{"cameraMode":{"drawMode":0,"name":"Shaded","section":"Shading Mode"},"sceneLighting":false,"audioPlay":false,"sceneViewState":{"showFog":true,"showMaterialUpdate":false,"showSkybox":true,"showFlares":true,"showImageEffects":true,"showParticleSystems":true},"in2DMode":false,"pivot":{"x":4.026418685913086,"y":0.7500001192092896,"z":3.857844591140747},"rotation":{"x":0.012085503898561,"y":0.9648934602737427,"z":-0.2595648467540741,"w":0.042957812547683719},"size":10.271171569824219,"orthographic":false}