{"cameraMode":{"drawMode":0,"name":"Shaded","section":"Shading Mode"},"sceneLighting":false,"audioPlay":false,"sceneViewState":{"showFog":true,"showMaterialUpdate":false,"showSkybox":true,"showFlares":true,"showImageEffects":true,"showParticleSystems":true},"in2DMode":false,"pivot":{"x":3.306816577911377,"y":-1.6615139245986939,"z":-1.8886700868606568},"rotation":{"x":-0.0912807360291481,"y":-0.8768397569656372,"z":0.18414324522018434,"w":-0.4346522092819214},"size":6.126474380493164,"orthographic":false}