{"cameraMode":{"drawMode":0,"name":"Shaded","section":"Shading Mode"},"sceneLighting":false,"audioPlay":false,"sceneViewState":{"showFog":true,"showMaterialUpdate":false,"showSkybox":true,"showFlares":true,"showImageEffects":true,"showParticleSystems":true},"in2DMode":false,"pivot":{"x":-7.0000996589660648,"y":2.0000500679016115,"z":-8.500299453735352},"rotation":{"x":0.58237624168396,"y":0.22114942967891694,"z":-0.16864228248596192,"w":0.7640233635902405},"size":36.933815002441409,"orthographic":false}