{"cameraMode":{"drawMode":0,"name":"Shaded","section":"Shading Mode"},"sceneLighting":false,"audioPlay":false,"sceneViewState":{"showFog":true,"showMaterialUpdate":false,"showSkybox":true,"showFlares":true,"showImageEffects":true,"showParticleSystems":true},"in2DMode":false,"pivot":{"x":-5.000100135803223,"y":2.0000500679016115,"z":-3.500049114227295},"rotation":{"x":0.34808942675590517,"y":0.09240406006574631,"z":-0.03453025221824646,"w":0.932386040687561},"size":21.195724487304689,"orthographic":false}