{"cameraMode":{"drawMode":0,"name":"Shaded","section":"Shading Mode"},"sceneLighting":false,"audioPlay":false,"sceneViewState":{"showFog":true,"showMaterialUpdate":false,"showSkybox":true,"showFlares":true,"showImageEffects":true,"showParticleSystems":true},"in2DMode":false,"pivot":{"x":-0.12163165211677551,"y":0.49525654315948489,"z":0.0006047487258911133},"rotation":{"x":-0.016348738223314287,"y":0.9787864685058594,"z":-0.0868653655052185,"w":-0.18517304956912995},"size":1.4289418458938599,"orthographic":false}