{"cameraMode":{"drawMode":0,"name":"Shaded","section":"Shading Mode"},"sceneLighting":false,"audioPlay":false,"sceneViewState":{"showFog":true,"showMaterialUpdate":false,"showSkybox":true,"showFlares":true,"showImageEffects":true,"showParticleSystems":true},"in2DMode":false,"pivot":{"x":5.09764289855957,"y":-0.6202569007873535,"z":-2.5095620155334474},"rotation":{"x":-0.034055836498737338,"y":-0.8612502813339233,"z":0.058219827711582187,"w":-0.5037005543708801},"size":7.029166221618652,"orthographic":false}