{"cameraMode":{"drawMode":0,"name":"Shaded","section":"Shading Mode"},"sceneLighting":true,"audioPlay":false,"sceneViewState":{"showFog":true,"showMaterialUpdate":true,"showSkybox":true,"showFlares":true,"showImageEffects":true,"showParticleSystems":true},"in2DMode":false,"pivot":{"x":-2.7268149852752687,"y":6.42567777633667,"z":4.244176387786865},"rotation":{"x":0.05991839990019798,"y":0.8977046012878418,"z":-0.4172308146953583,"w":0.13004067540168763},"size":6.98553991317749,"orthographic":false}