{"cameraMode":{"drawMode":0,"name":"Shaded","section":"Shading Mode"},"sceneLighting":true,"audioPlay":false,"sceneViewState":{"showFog":true,"showMaterialUpdate":true,"showSkybox":true,"showFlares":true,"showImageEffects":true,"showParticleSystems":true},"in2DMode":false,"pivot":{"x":5.216715335845947,"y":-2.246161937713623,"z":0.9076144099235535},"rotation":{"x":-0.16798405349254609,"y":-0.656682550907135,"z":0.15340884029865266,"w":-0.7190524339675903},"size":7.029166221618652,"orthographic":false}