{"cameraMode":{"drawMode":0,"name":"Shaded","section":"Shading Mode"},"sceneLighting":true,"audioPlay":false,"sceneViewState":{"showFog":true,"showMaterialUpdate":true,"showSkybox":true,"showFlares":true,"showImageEffects":true,"showParticleSystems":true},"in2DMode":false,"pivot":{"x":-9.232671737670899,"y":5.083059787750244,"z":0.6150811314582825},"rotation":{"x":-0.475323349237442,"y":0.017889710143208505,"z":-0.008136588148772717,"w":-0.8798016309738159},"size":1.096649169921875,"orthographic":false}