{"cameraMode":{"drawMode":0,"name":"Shaded","section":"Shading Mode"},"sceneLighting":true,"audioPlay":false,"sceneViewState":{"showFog":true,"showMaterialUpdate":false,"showSkybox":true,"showFlares":true,"showImageEffects":true,"showParticleSystems":true},"in2DMode":false,"pivot":{"x":-13.702291488647461,"y":10.105070114135743,"z":-2.318798065185547},"rotation":{"x":0.388497531414032,"y":-0.0013826678041368723,"z":0.0005815126351080835,"w":0.9214509129524231},"size":18.141935348510743,"orthographic":false}