{"cameraMode":{"drawMode":0,"name":"Shaded","section":"Shading Mode"},"sceneLighting":true,"audioPlay":false,"sceneViewState":{"showFog":true,"showMaterialUpdate":false,"showSkybox":true,"showFlares":true,"showImageEffects":true,"showParticleSystems":true},"in2DMode":false,"pivot":{"x":-21.332292556762697,"y":-13.290403366088868,"z":21.454639434814454},"rotation":{"x":-0.18878333270549775,"y":0.3718244135379791,"z":-0.0775453969836235,"w":-0.9057585000991821},"size":35.61865997314453,"orthographic":false}