{"cameraMode":{"drawMode":0,"name":"Shaded","section":"Shading Mode"},"sceneLighting":false,"audioPlay":false,"sceneViewState":{"showFog":true,"showMaterialUpdate":false,"showSkybox":true,"showFlares":true,"showImageEffects":true,"showParticleSystems":true},"in2DMode":false,"pivot":{"x":0.7922021746635437,"y":0.5243111252784729,"z":-0.3032110035419464},"rotation":{"x":0.3015926778316498,"y":0.6911029815673828,"z":-0.5201689004898071,"w":0.4013684391975403},"size":7.792552947998047,"orthographic":false}