{"cameraMode":{"drawMode":0,"name":"Shaded","section":"Shading Mode"},"sceneLighting":false,"audioPlay":false,"sceneViewState":{"showFog":true,"showMaterialUpdate":false,"showSkybox":true,"showFlares":true,"showImageEffects":true,"showParticleSystems":true},"in2DMode":false,"pivot":{"x":-6.099061012268066,"y":-9.502001762390137,"z":-7.13901948928833},"rotation":{"x":0.4440067708492279,"y":-0.45211321115493777,"z":0.27806535363197329,"w":0.721930205821991},"size":17.230709075927736,"orthographic":false}