{"cameraMode":{"drawMode":0,"name":"Shaded","section":"Shading Mode"},"sceneLighting":true,"audioPlay":false,"sceneViewState":{"showFog":true,"showMaterialUpdate":true,"showSkybox":true,"showFlares":true,"showImageEffects":true,"showParticleSystems":true},"in2DMode":false,"pivot":{"x":-0.8557997941970825,"y":2.570006847381592,"z":3.492079734802246},"rotation":{"x":-0.16659022867679597,"y":0.804073691368103,"z":-0.5067490339279175,"w":-0.26339468359947207},"size":6.98553991317749,"orthographic":false}