{"cameraMode":{"drawMode":0,"name":"Shaded","section":"Shading Mode"},"sceneLighting":false,"audioPlay":false,"sceneViewState":{"showFog":true,"showMaterialUpdate":false,"showSkybox":true,"showFlares":true,"showImageEffects":true,"showParticleSystems":true},"in2DMode":false,"pivot":{"x":-407.25042724609377,"y":48.0946044921875,"z":533.4476318359375},"rotation":{"x":0.22021976113319398,"y":-0.5555921792984009,"z":0.1555606722831726,"w":0.7865261435508728},"size":715.1001586914063,"orthographic":true}