{"cameraMode":{"drawMode":0,"name":"Shaded","section":"Shading Mode"},"sceneLighting":false,"audioPlay":false,"sceneViewState":{"showFog":true,"showMaterialUpdate":false,"showSkybox":true,"showFlares":true,"showImageEffects":true,"showParticleSystems":true},"in2DMode":false,"pivot":{"x":-14.519745826721192,"y":6.346006393432617,"z":-9.81297492980957},"rotation":{"x":-0.13060905039310456,"y":-0.3431175947189331,"z":0.04864887520670891,"w":-0.9290419816970825},"size":25.19005012512207,"orthographic":false}