{"cameraMode":{"drawMode":0,"name":"Shaded","section":"Shading Mode"},"sceneLighting":false,"audioPlay":false,"sceneViewState":{"showFog":true,"showMaterialUpdate":false,"showSkybox":true,"showFlares":true,"showImageEffects":true,"showParticleSystems":true},"in2DMode":false,"pivot":{"x":-22.501062393188478,"y":-18.440855026245118,"z":-46.510894775390628},"rotation":{"x":-0.2222777009010315,"y":-0.7468984723091126,"z":0.30371254682540896,"w":-0.548425018787384},"size":128.90859985351563,"orthographic":false}