{"cameraMode":{"drawMode":0,"name":"Shaded","section":"Shading Mode"},"sceneLighting":true,"audioPlay":false,"sceneViewState":{"showFog":true,"showMaterialUpdate":false,"showSkybox":true,"showFlares":true,"showImageEffects":true,"showParticleSystems":true},"in2DMode":false,"pivot":{"x":-23.522613525390626,"y":6.4917707443237309,"z":20.657917022705079},"rotation":{"x":0.3176226317882538,"y":0.0947808027267456,"z":-0.031948793679475787,"w":0.9429636597633362},"size":0.14289292693138123,"orthographic":false}