{"cameraMode":{"drawMode":0,"name":"Shaded","section":"Shading Mode"},"sceneLighting":true,"audioPlay":false,"sceneViewState":{"showFog":true,"showMaterialUpdate":true,"showSkybox":true,"showFlares":true,"showImageEffects":true,"showParticleSystems":true},"in2DMode":false,"pivot":{"x":-28.782764434814454,"y":-4.3549699783325199,"z":2.107743263244629},"rotation":{"x":0.08789745718240738,"y":-0.8020487427711487,"z":0.11944598704576493,"w":0.5789526104927063},"size":25.105653762817384,"orthographic":false}