{"cameraMode":{"drawMode":0,"name":"Shaded","section":"Shading Mode"},"sceneLighting":false,"audioPlay":false,"sceneViewState":{"showFog":true,"showMaterialUpdate":false,"showSkybox":true,"showFlares":true,"showImageEffects":true,"showParticleSystems":true},"in2DMode":false,"pivot":{"x":0.2766153812408447,"y":-0.6604307889938355,"z":1.3494296073913575},"rotation":{"x":-0.02124212123453617,"y":0.785132646560669,"z":-0.027177734300494195,"w":-0.6184758543968201},"size":8.665061950683594,"orthographic":false}