{"cameraMode":{"drawMode":0,"name":"Shaded","section":"Shading Mode"},"sceneLighting":false,"audioPlay":false,"sceneViewState":{"showFog":true,"showMaterialUpdate":false,"showSkybox":true,"showFlares":true,"showImageEffects":true,"showParticleSystems":true},"in2DMode":false,"pivot":{"x":0.3888953924179077,"y":1.498323917388916,"z":-1.3256137371063233},"rotation":{"x":0.3822430968284607,"y":0.6150974631309509,"z":-0.4515884220600128,"w":0.5214080214500427},"size":7.792552947998047,"orthographic":false}