{"cameraMode":{"drawMode":0,"name":"Shaded","section":"Shading Mode"},"sceneLighting":true,"audioPlay":false,"sceneViewState":{"showFog":true,"showMaterialUpdate":false,"showSkybox":true,"showFlares":true,"showImageEffects":true,"showParticleSystems":true},"in2DMode":false,"pivot":{"x":1076.7784423828125,"y":458.5558776855469,"z":-82.27752685546875},"rotation":{"x":-0.028110984712839128,"y":-0.06915115565061569,"z":-0.0020518796518445017,"w":0.997272253036499},"size":118.9852066040039,"orthographic":false}