{"cameraMode":{"drawMode":0,"name":"Shaded","section":"Shading Mode"},"sceneLighting":false,"audioPlay":false,"sceneViewState":{"showFog":true,"showMaterialUpdate":false,"showSkybox":true,"showFlares":true,"showImageEffects":true,"showParticleSystems":true},"in2DMode":false,"pivot":{"x":29.542694091796876,"y":0.8437501192092896,"z":5.786767959594727},"rotation":{"x":0.06641438603401184,"y":-0.8828451037406921,"z":0.13258802890777589,"w":0.4460778832435608},"size":4.383683681488037,"orthographic":false}