{"cameraMode":{"drawMode":0,"name":"Shaded","section":"Shading Mode"},"sceneLighting":false,"audioPlay":false,"sceneViewState":{"showFog":true,"showMaterialUpdate":false,"showSkybox":true,"showFlares":true,"showImageEffects":true,"showParticleSystems":true},"in2DMode":false,"pivot":{"x":-13.500396728515625,"y":4.5000505447387699,"z":-3.0001983642578127},"rotation":{"x":-0.2360387146472931,"y":-0.5024623274803162,"z":0.14529447257518769,"w":-0.819133996963501},"size":41.80150604248047,"orthographic":false}