{"cameraMode":{"drawMode":0,"name":"Shaded","section":"Shading Mode"},"sceneLighting":true,"audioPlay":false,"sceneViewState":{"showFog":true,"showMaterialUpdate":false,"showSkybox":true,"showFlares":true,"showImageEffects":true,"showParticleSystems":true},"in2DMode":false,"pivot":{"x":-0.04216550290584564,"y":0.04245758056640625,"z":-0.452297568321228},"rotation":{"x":-0.033521074801683429,"y":0.9674322009086609,"z":-0.18969576060771943,"w":-0.16526901721954347},"size":0.7966493964195252,"orthographic":false}