{"cameraMode":{"drawMode":0,"name":"Shaded","section":"Shading Mode"},"sceneLighting":false,"audioPlay":false,"sceneViewState":{"showFog":true,"showMaterialUpdate":false,"showSkybox":true,"showFlares":true,"showImageEffects":true,"showParticleSystems":true},"in2DMode":false,"pivot":{"x":6.101258754730225,"y":-6.049357891082764,"z":-12.574135780334473},"rotation":{"x":0.05153800919651985,"y":0.9470104575157166,"z":-0.24989716708660127,"w":0.19527146220207215},"size":22.0,"orthographic":false}