{"cameraMode":{"drawMode":0,"name":"Shaded","section":"Shading Mode"},"sceneLighting":false,"audioPlay":false,"sceneViewState":{"showFog":true,"showMaterialUpdate":false,"showSkybox":true,"showFlares":true,"showImageEffects":true,"showParticleSystems":true},"in2DMode":false,"pivot":{"x":0.0000027418136596679689,"y":1.0000007152557374,"z":7.152557373046875e-7},"rotation":{"x":-0.409234881401062,"y":-0.326540470123291,"z":0.15976712107658387,"w":-0.836943507194519},"size":15.478522300720215,"orthographic":false}