{"cameraMode":{"drawMode":0,"name":"Shaded","section":"Shading Mode"},"sceneLighting":true,"audioPlay":false,"sceneViewState":{"showFog":true,"showMaterialUpdate":false,"showSkybox":true,"showFlares":true,"showImageEffects":true,"showParticleSystems":true},"in2DMode":false,"pivot":{"x":-0.5533043742179871,"y":-0.859981894493103,"z":0.9509734511375427},"rotation":{"x":-0.40345072746276858,"y":0.29983124136924746,"z":-0.14184439182281495,"w":-0.8527759909629822},"size":11.723112106323243,"orthographic":false}