{"cameraMode":{"drawMode":0,"name":"Shaded","section":"Shading Mode"},"sceneLighting":true,"audioPlay":false,"sceneViewState":{"showFog":true,"showMaterialUpdate":false,"showSkybox":true,"showFlares":true,"showImageEffects":true,"showParticleSystems":true},"in2DMode":false,"pivot":{"x":-4.354149341583252,"y":-5.846615791320801,"z":6.441603660583496},"rotation":{"x":-0.3572400212287903,"y":0.45008113980293276,"z":-0.20278917253017426,"w":-0.7929094433784485},"size":17.51470375061035,"orthographic":false}