{"cameraMode":{"drawMode":0,"name":"Shaded","section":"Shading Mode"},"sceneLighting":false,"audioPlay":false,"sceneViewState":{"showFog":true,"showMaterialUpdate":false,"showSkybox":true,"showFlares":true,"showImageEffects":true,"showParticleSystems":true},"in2DMode":false,"pivot":{"x":-43.643123626708987,"y":-41.786983489990237,"z":-43.43375778198242},"rotation":{"x":-0.11669305711984635,"y":0.8787431120872498,"z":-0.27619385719299319,"w":-0.3715175986289978},"size":85.73651885986328,"orthographic":false}