{"cameraMode":{"drawMode":0,"name":"Shaded","section":"Shading Mode"},"sceneLighting":false,"audioPlay":false,"sceneViewState":{"showFog":true,"showMaterialUpdate":false,"showSkybox":true,"showFlares":true,"showImageEffects":true,"showParticleSystems":true},"in2DMode":false,"pivot":{"x":16.088037490844728,"y":0.7500001192092896,"z":10.568280220031739},"rotation":{"x":0.24944232404232026,"y":0.6993907690048218,"z":-0.28739580512046816,"w":0.6053268313407898},"size":6.551516056060791,"orthographic":false}