{"cameraMode":{"drawMode":0,"name":"Shaded","section":"Shading Mode"},"sceneLighting":false,"audioPlay":false,"sceneViewState":{"showFog":true,"showMaterialUpdate":false,"showSkybox":true,"showFlares":true,"showImageEffects":true,"showParticleSystems":true},"in2DMode":false,"pivot":{"x":1.2986459732055665,"y":-3.557380437850952,"z":-1.6242561340332032},"rotation":{"x":0.6401472091674805,"y":0.07771514356136322,"z":-0.06584480404853821,"w":0.7616161108016968},"size":11.767616271972657,"orthographic":false}