{"cameraMode":{"drawMode":0,"name":"Shaded","section":"Shading Mode"},"sceneLighting":false,"audioPlay":false,"sceneViewState":{"showFog":true,"showMaterialUpdate":false,"showSkybox":true,"showFlares":true,"showImageEffects":true,"showParticleSystems":true},"in2DMode":false,"pivot":{"x":-0.7408426403999329,"y":-2.421834945678711,"z":9.127727508544922},"rotation":{"x":0.37904489040374758,"y":0.1126135066151619,"z":-0.04648226127028465,"w":0.9173874855041504},"size":11.208401679992676,"orthographic":false}