{"cameraMode":{"drawMode":0,"name":"Shaded","section":"Shading Mode"},"sceneLighting":false,"audioPlay":false,"sceneViewState":{"showFog":true,"showMaterialUpdate":false,"showSkybox":true,"showFlares":true,"showImageEffects":true,"showParticleSystems":true},"in2DMode":false,"pivot":{"x":-15.00341796875,"y":250.70870971679688,"z":266.72381591796877},"rotation":{"x":-0.03599756583571434,"y":0.0055346498265862469,"z":-0.00030277419136837125,"w":-0.999478816986084},"size":1762.5025634765625,"orthographic":false}