{"cameraMode":{"drawMode":0,"name":"Shaded","section":"Shading Mode"},"sceneLighting":false,"audioPlay":false,"sceneViewState":{"showFog":true,"showMaterialUpdate":false,"showSkybox":true,"showFlares":true,"showImageEffects":true,"showParticleSystems":true},"in2DMode":false,"pivot":{"x":0.3888953924179077,"y":1.498323917388916,"z":-1.3256137371063233},"rotation":{"x":0.4344264566898346,"y":-0.08557601273059845,"z":0.04117688536643982,"w":0.895828127861023},"size":8.892597198486329,"orthographic":false}