{"cameraMode":{"drawMode":0,"name":"Shaded","section":"Shading Mode"},"sceneLighting":true,"audioPlay":false,"sceneViewState":{"showFog":true,"showMaterialUpdate":true,"showSkybox":true,"showFlares":true,"showImageEffects":true,"showParticleSystems":true},"in2DMode":false,"pivot":{"x":4.0755109786987309,"y":-2.7155208587646486,"z":-4.6531476974487309},"rotation":{"x":-0.10309769958257675,"y":-0.8909212946891785,"z":0.25885459780693056,"w":-0.3591803014278412},"size":22.0,"orthographic":false}