{"cameraMode":{"drawMode":0,"name":"Shaded","section":"Shading Mode"},"sceneLighting":false,"audioPlay":false,"sceneViewState":{"showFog":true,"showMaterialUpdate":false,"showSkybox":true,"showFlares":true,"showImageEffects":true,"showParticleSystems":true},"in2DMode":false,"pivot":{"x":2.4713029861450197,"y":-0.8470646142959595,"z":-3.2472078800201418},"rotation":{"x":-0.04768814146518707,"y":-0.9313379526138306,"z":0.13219541311264039,"w":-0.3359641432762146},"size":6.126474380493164,"orthographic":false}