{"cameraMode":{"drawMode":0,"name":"Shaded","section":"Shading Mode"},"sceneLighting":true,"audioPlay":false,"sceneViewState":{"showFog":true,"showMaterialUpdate":false,"showSkybox":true,"showFlares":true,"showImageEffects":true,"showParticleSystems":true},"in2DMode":false,"pivot":{"x":-51.11692428588867,"y":-4.4230475425720219,"z":-0.04874267801642418},"rotation":{"x":0.2828068733215332,"y":-0.45891520380973818,"z":0.15596865117549897,"w":0.8278751373291016},"size":22.0,"orthographic":false}