{"cameraMode":{"drawMode":0,"name":"Shaded","section":"Shading Mode"},"sceneLighting":true,"audioPlay":false,"sceneViewState":{"showFog":true,"showMaterialUpdate":false,"showSkybox":true,"showFlares":true,"showImageEffects":true,"showParticleSystems":true},"in2DMode":false,"pivot":{"x":-0.8855944871902466,"y":-1.7637548446655274,"z":2.660517692565918},"rotation":{"x":0.4680020213127136,"y":-0.12142636626958847,"z":0.06463004648685456,"w":0.8730850219726563},"size":11.767616271972657,"orthographic":false}