{"cameraMode":{"drawMode":0,"name":"Shaded","section":"Shading Mode"},"sceneLighting":false,"audioPlay":false,"sceneViewState":{"showFog":true,"showMaterialUpdate":true,"showSkybox":true,"showFlares":true,"showImageEffects":true,"showParticleSystems":true},"in2DMode":false,"pivot":{"x":8.457010269165039,"y":-0.9529016613960266,"z":-6.244772434234619},"rotation":{"x":0.3112591505050659,"y":-0.6866298317909241,"z":0.42691874504089358,"w":0.49984222650527956},"size":44.37273406982422,"orthographic":false}