{"cameraMode":{"drawMode":0,"name":"Shaded","section":"Shading Mode"},"sceneLighting":false,"audioPlay":false,"sceneViewState":{"showFog":true,"showMaterialUpdate":false,"showSkybox":true,"showFlares":true,"showImageEffects":true,"showParticleSystems":true},"in2DMode":false,"pivot":{"x":3.1439061164855959,"y":-1.5695405006408692,"z":-2.1694912910461427},"rotation":{"x":-0.0912807360291481,"y":-0.8768397569656372,"z":0.18414324522018434,"w":-0.4346522092819214},"size":5.826474189758301,"orthographic":false}