{"cameraMode":{"drawMode":0,"name":"Shaded","section":"Shading Mode"},"sceneLighting":false,"audioPlay":false,"sceneViewState":{"showFog":true,"showMaterialUpdate":false,"showSkybox":true,"showFlares":true,"showImageEffects":true,"showParticleSystems":true},"in2DMode":false,"pivot":{"x":-29.727916717529298,"y":-26.947683334350587,"z":-69.89887237548828},"rotation":{"x":-0.034747179597616199,"y":0.9650098085403442,"z":-0.1726256012916565,"w":-0.19459322094917298},"size":85.73651885986328,"orthographic":false}