{"cameraMode":{"drawMode":0,"name":"Shaded","section":"Shading Mode"},"sceneLighting":false,"audioPlay":false,"sceneViewState":{"showFog":true,"showMaterialUpdate":false,"showSkybox":true,"showFlares":true,"showImageEffects":true,"showParticleSystems":true},"in2DMode":false,"pivot":{"x":5.757247447967529,"y":2.324165105819702,"z":-1.8124008178710938},"rotation":{"x":0.1077936440706253,"y":-0.5933514833450317,"z":0.08059268444776535,"w":0.7936140894889832},"size":2.027451515197754,"orthographic":false}