{"cameraMode":{"drawMode":0,"name":"Shaded","section":"Shading Mode"},"sceneLighting":false,"audioPlay":false,"sceneViewState":{"showFog":true,"showMaterialUpdate":false,"showSkybox":true,"showFlares":true,"showImageEffects":true,"showParticleSystems":true},"in2DMode":false,"pivot":{"x":-29.59032440185547,"y":-15.97359848022461,"z":65.4940414428711},"rotation":{"x":-0.2608110308647156,"y":0.24539978802204133,"z":-0.06976507604122162,"w":-0.9313070774078369},"size":6.397928237915039,"orthographic":false}