{"cameraMode":{"drawMode":0,"name":"Shaded","section":"Shading Mode"},"sceneLighting":true,"audioPlay":false,"sceneViewState":{"showFog":true,"showMaterialUpdate":false,"showSkybox":true,"showFlares":true,"showImageEffects":true,"showParticleSystems":true},"in2DMode":false,"pivot":{"x":3.2541251182556154,"y":-0.42269933223724368,"z":1.9686651229858399},"rotation":{"x":-0.07180800288915634,"y":-0.5730324387550354,"z":0.050495583564043048,"w":-0.814827024936676},"size":7.625734329223633,"orthographic":false}