{"cameraMode":{"drawMode":0,"name":"Shaded","section":"Shading Mode"},"sceneLighting":true,"audioPlay":false,"sceneViewState":{"showFog":true,"showMaterialUpdate":false,"showSkybox":true,"showFlares":true,"showImageEffects":true,"showParticleSystems":true},"in2DMode":false,"pivot":{"x":23.13444709777832,"y":-1.431511640548706,"z":-22.552213668823243},"rotation":{"x":0.011849009431898594,"y":0.9338294863700867,"z":-0.031125465407967569,"w":0.35628625750541689},"size":35.74407196044922,"orthographic":false}