{"cameraMode":{"drawMode":0,"name":"Shaded","section":"Shading Mode"},"sceneLighting":true,"audioPlay":false,"sceneViewState":{"showFog":true,"showMaterialUpdate":false,"showSkybox":true,"showFlares":true,"showImageEffects":true,"showParticleSystems":true},"in2DMode":false,"pivot":{"x":3.580091953277588,"y":1.8134894371032715,"z":-2.419471263885498},"rotation":{"x":0.13830120861530305,"y":-0.7577995657920837,"z":0.17057126760482789,"w":0.6144301891326904},"size":7.873964309692383,"orthographic":false}