{"cameraMode":{"drawMode":0,"name":"Shaded","section":"Shading Mode"},"sceneLighting":true,"audioPlay":false,"sceneViewState":{"showFog":true,"showMaterialUpdate":false,"showSkybox":true,"showFlares":true,"showImageEffects":true,"showParticleSystems":true},"in2DMode":false,"pivot":{"x":-18.51565170288086,"y":-10.392569541931153,"z":-30.207347869873048},"rotation":{"x":0.034648347645998,"y":-0.9637489914894104,"z":0.15632958710193635,"w":0.21359960734844209},"size":40.010372161865237,"orthographic":false}