{"cameraMode":{"drawMode":0,"name":"Shaded","section":"Shading Mode"},"sceneLighting":false,"audioPlay":false,"sceneViewState":{"showFog":true,"showMaterialUpdate":false,"showSkybox":true,"showFlares":true,"showImageEffects":true,"showParticleSystems":true},"in2DMode":false,"pivot":{"x":23.830974578857423,"y":0.9490370750427246,"z":11.409164428710938},"rotation":{"x":0.1761365830898285,"y":0.8045964241027832,"z":-0.28912895917892458,"w":0.4882567524909973},"size":6.452106952667236,"orthographic":false}