{"cameraMode":{"drawMode":0,"name":"Shaded","section":"Shading Mode"},"sceneLighting":false,"audioPlay":false,"sceneViewState":{"showFog":true,"showMaterialUpdate":false,"showSkybox":true,"showFlares":true,"showImageEffects":true,"showParticleSystems":true},"in2DMode":false,"pivot":{"x":7.037191867828369,"y":-25.1169490814209,"z":-124.48291778564453},"rotation":{"x":-0.31103232502937319,"y":0.5965137481689453,"z":-0.2691645324230194,"w":-0.6892288327217102},"size":21.875831604003908,"orthographic":false}