{"cameraMode":{"drawMode":0,"name":"Shaded","section":"Shading Mode"},"sceneLighting":true,"audioPlay":false,"sceneViewState":{"showFog":true,"showMaterialUpdate":false,"showSkybox":true,"showFlares":true,"showImageEffects":true,"showParticleSystems":true},"in2DMode":false,"pivot":{"x":-1.3959101438522339,"y":0.9908830523490906,"z":3.1002283096313478},"rotation":{"x":0.07417161017656326,"y":0.8849127292633057,"z":-0.43437355756759646,"w":0.1511567234992981},"size":7.039381504058838,"orthographic":false}