{"cameraMode":{"drawMode":0,"name":"Shaded","section":"Shading Mode"},"sceneLighting":true,"audioPlay":false,"sceneViewState":{"showFog":true,"showMaterialUpdate":false,"showSkybox":true,"showFlares":true,"showImageEffects":true,"showParticleSystems":true},"in2DMode":false,"pivot":{"x":-23.416423797607423,"y":-14.777975082397461,"z":10.126147270202637},"rotation":{"x":0.24619393050670625,"y":-0.5739105343818665,"z":0.18623323738574983,"w":0.7585641741752625},"size":35.74407196044922,"orthographic":false}