{"cameraMode":{"drawMode":0,"name":"Shaded","section":"Shading Mode"},"sceneLighting":false,"audioPlay":false,"sceneViewState":{"showFog":true,"showMaterialUpdate":false,"showSkybox":true,"showFlares":true,"showImageEffects":true,"showParticleSystems":true},"in2DMode":false,"pivot":{"x":-0.285241037607193,"y":0.20108452439308167,"z":0.17457549273967744},"rotation":{"x":0.17797169089317323,"y":-0.5442450046539307,"z":0.11942018568515778,"w":0.8110889196395874},"size":2.027451515197754,"orthographic":false}