{"cameraMode":{"drawMode":0,"name":"Shaded","section":"Shading Mode"},"sceneLighting":true,"audioPlay":false,"sceneViewState":{"showFog":true,"showMaterialUpdate":false,"showSkybox":true,"showFlares":true,"showImageEffects":true,"showParticleSystems":true},"in2DMode":false,"pivot":{"x":-12.067436218261719,"y":-10.733716011047364,"z":-32.41141891479492},"rotation":{"x":0.021024683490395547,"y":-0.9783222079277039,"z":0.16321516036987306,"w":0.12602144479751588},"size":40.010372161865237,"orthographic":false}