{"cameraMode":{"drawMode":0,"name":"Shaded","section":"Shading Mode"},"sceneLighting":false,"audioPlay":false,"sceneViewState":{"showFog":true,"showMaterialUpdate":false,"showSkybox":true,"showFlares":true,"showImageEffects":true,"showParticleSystems":true},"in2DMode":false,"pivot":{"x":0.5702190399169922,"y":1.9535293579101563,"z":0.3988184928894043},"rotation":{"x":-0.07631541788578034,"y":0.9194923043251038,"z":-0.31238237023353579,"w":-0.2271048128604889},"size":6.402138710021973,"orthographic":false}