{"cameraMode":{"drawMode":0,"name":"Shaded","section":"Shading Mode"},"sceneLighting":true,"audioPlay":false,"sceneViewState":{"showFog":true,"showMaterialUpdate":false,"showSkybox":true,"showFlares":true,"showImageEffects":true,"showParticleSystems":true},"in2DMode":false,"pivot":{"x":1.2946796417236329,"y":4.745441913604736,"z":1.920458436012268},"rotation":{"x":0.25475943088531496,"y":-0.7320970892906189,"z":0.36129850149154665,"w":0.518697202205658},"size":8.209052085876465,"orthographic":false}