{"cameraMode":{"drawMode":0,"name":"Shaded","section":"Shading Mode"},"sceneLighting":true,"audioPlay":false,"sceneViewState":{"showFog":true,"showMaterialUpdate":false,"showSkybox":true,"showFlares":true,"showImageEffects":true,"showParticleSystems":true},"in2DMode":false,"pivot":{"x":-3.1183338165283205,"y":103.82308197021485,"z":-54.99627685546875},"rotation":{"x":-0.4390026330947876,"y":-0.008878128603100777,"z":0.0044019874185323719,"w":-0.8984633684158325},"size":91.94385528564453,"orthographic":false}