{"cameraMode":{"drawMode":0,"name":"Shaded","section":"Shading Mode"},"sceneLighting":false,"audioPlay":false,"sceneViewState":{"showFog":true,"showMaterialUpdate":false,"showSkybox":true,"showFlares":true,"showImageEffects":true,"showParticleSystems":true},"in2DMode":false,"pivot":{"x":6.984208583831787,"y":31.41408920288086,"z":-9.455421447753907},"rotation":{"x":0.47538208961486819,"y":0.010547091253101826,"z":-0.004623035900294781,"w":0.8799431324005127},"size":40.667240142822269,"orthographic":false}