{"cameraMode":{"drawMode":0,"name":"Shaded","section":"Shading Mode"},"sceneLighting":false,"audioPlay":false,"sceneViewState":{"showFog":true,"showMaterialUpdate":false,"showSkybox":true,"showFlares":true,"showImageEffects":true,"showParticleSystems":true},"in2DMode":false,"pivot":{"x":0.8449684977531433,"y":1.729239821434021,"z":0.9589108228683472},"rotation":{"x":-0.10353841632604599,"y":0.8183135986328125,"z":-0.5437228679656982,"w":-0.15545490384101869},"size":0.2547655701637268,"orthographic":false}