{"cameraMode":{"drawMode":0,"name":"Shaded","section":"Shading Mode"},"sceneLighting":false,"audioPlay":false,"sceneViewState":{"showFog":true,"showMaterialUpdate":false,"showSkybox":true,"showFlares":true,"showImageEffects":true,"showParticleSystems":true},"in2DMode":false,"pivot":{"x":-19.256200790405275,"y":-29.87407684326172,"z":32.53400421142578},"rotation":{"x":-0.5981226563453674,"y":0.1278732419013977,"z":-0.0973462462425232,"w":-0.7851479053497315},"size":84.70929718017578,"orthographic":false}