{"cameraMode":{"drawMode":0,"name":"Shaded","section":"Shading Mode"},"sceneLighting":true,"audioPlay":false,"sceneViewState":{"showFog":true,"showMaterialUpdate":false,"showSkybox":true,"showFlares":true,"showImageEffects":true,"showParticleSystems":true},"in2DMode":false,"pivot":{"x":-16.84368133544922,"y":-3.999673366546631,"z":-14.363493919372559},"rotation":{"x":-0.04440884292125702,"y":0.9499444365501404,"z":-0.15906129777431489,"w":-0.26535242795944216},"size":12.526938438415528,"orthographic":false}