{"cameraMode":{"drawMode":0,"name":"Shaded","section":"Shading Mode"},"sceneLighting":false,"audioPlay":false,"sceneViewState":{"showFog":true,"showMaterialUpdate":false,"showSkybox":true,"showFlares":true,"showImageEffects":true,"showParticleSystems":true},"in2DMode":false,"pivot":{"x":9.223861694335938,"y":0.7500001192092896,"z":10.573721885681153},"rotation":{"x":0.12516482174396516,"y":0.8504862785339356,"z":-0.23265890777111054,"w":0.4552610218524933},"size":11.006119728088379,"orthographic":false}