{"cameraMode":{"drawMode":0,"name":"Shaded","section":"Shading Mode"},"sceneLighting":false,"audioPlay":false,"sceneViewState":{"showFog":true,"showMaterialUpdate":false,"showSkybox":true,"showFlares":true,"showImageEffects":true,"showParticleSystems":true},"in2DMode":false,"pivot":{"x":-4.43719482421875,"y":6.7490234375,"z":-10.0546875},"rotation":{"x":0.18515656888484956,"y":0.40592437982559206,"z":-0.08435703068971634,"w":0.8909692168235779},"size":11.107397079467774,"orthographic":true}