{"cameraMode":{"drawMode":0,"name":"Shaded","section":"Shading Mode"},"sceneLighting":false,"audioPlay":false,"sceneViewState":{"showFog":true,"showMaterialUpdate":false,"showSkybox":true,"showFlares":true,"showImageEffects":true,"showParticleSystems":true},"in2DMode":false,"pivot":{"x":3.060744047164917,"y":1.3168632984161378,"z":0.948763906955719},"rotation":{"x":0.1468191295862198,"y":-0.6402251720428467,"z":0.1264510452747345,"w":0.7433505058288574},"size":2.027451515197754,"orthographic":false}