{"cameraMode":{"drawMode":0,"name":"Shaded","section":"Shading Mode"},"sceneLighting":true,"audioPlay":false,"sceneViewState":{"showFog":true,"showMaterialUpdate":false,"showSkybox":true,"showFlares":true,"showImageEffects":true,"showParticleSystems":true},"in2DMode":false,"pivot":{"x":1.7102861404418946,"y":3.963129997253418,"z":4.8743696212768559},"rotation":{"x":-0.25374066829681399,"y":0.43186837434768679,"z":-0.12841545045375825,"w":-0.8561455011367798},"size":15.126211166381836,"orthographic":false}