{"cameraMode":{"drawMode":0,"name":"Shaded","section":"Shading Mode"},"sceneLighting":false,"audioPlay":false,"sceneViewState":{"showFog":true,"showMaterialUpdate":false,"showSkybox":true,"showFlares":true,"showImageEffects":true,"showParticleSystems":true},"in2DMode":false,"pivot":{"x":-1.6160985231399537,"y":4.332056999206543,"z":2.9706270694732668},"rotation":{"x":0.029108673334121705,"y":0.9318827390670776,"z":-0.35424548387527468,"w":0.0751158595085144},"size":3.522454261779785,"orthographic":false}