{"cameraMode":{"drawMode":0,"name":"Shaded","section":"Shading Mode"},"sceneLighting":false,"audioPlay":false,"sceneViewState":{"showFog":true,"showMaterialUpdate":false,"showSkybox":true,"showFlares":true,"showImageEffects":true,"showParticleSystems":true},"in2DMode":false,"pivot":{"x":19.47769546508789,"y":0.6256868243217468,"z":3.6978206634521486},"rotation":{"x":0.1752973198890686,"y":-0.22239817678928376,"z":0.04054216668009758,"w":0.9582747220993042},"size":6.414268493652344,"orthographic":false}