{"cameraMode":{"drawMode":0,"name":"Shaded","section":"Shading Mode"},"sceneLighting":false,"audioPlay":false,"sceneViewState":{"showFog":true,"showMaterialUpdate":false,"showSkybox":true,"showFlares":true,"showImageEffects":true,"showParticleSystems":true},"in2DMode":false,"pivot":{"x":0.13854248821735383,"y":-2.1005284786224367,"z":-0.905520498752594},"rotation":{"x":0.23260995745658875,"y":0.7191805839538574,"z":-0.5901136994361877,"w":0.28406471014022829},"size":7.792552947998047,"orthographic":false}