{"cameraMode":{"drawMode":0,"name":"Shaded","section":"Shading Mode"},"sceneLighting":false,"audioPlay":false,"sceneViewState":{"showFog":true,"showMaterialUpdate":false,"showSkybox":true,"showFlares":true,"showImageEffects":true,"showParticleSystems":true},"in2DMode":false,"pivot":{"x":-1.5577274560928345,"y":1.1465492248535157,"z":5.323495388031006},"rotation":{"x":0.30203068256378176,"y":0.6511017680168152,"z":-0.6196873784065247,"w":0.31793615221977236},"size":21.45880699157715,"orthographic":false}