{"cameraMode":{"drawMode":0,"name":"Shaded","section":"Shading Mode"},"sceneLighting":true,"audioPlay":false,"sceneViewState":{"showFog":true,"showMaterialUpdate":false,"showSkybox":true,"showFlares":true,"showImageEffects":true,"showParticleSystems":true},"in2DMode":false,"pivot":{"x":46.43526077270508,"y":-11.98171615600586,"z":-12.435501098632813},"rotation":{"x":-0.06970218569040299,"y":-0.8319243788719177,"z":0.10741521418094635,"w":-0.5399598479270935},"size":56.62416458129883,"orthographic":false}