{"cameraMode":{"drawMode":0,"name":"Shaded","section":"Shading Mode"},"sceneLighting":false,"audioPlay":false,"sceneViewState":{"showFog":true,"showMaterialUpdate":false,"showSkybox":true,"showFlares":true,"showImageEffects":true,"showParticleSystems":true},"in2DMode":false,"pivot":{"x":6.098817348480225,"y":2.9825329780578615,"z":2.174078941345215},"rotation":{"x":0.04645911976695061,"y":-0.7806258201599121,"z":0.05920271947979927,"w":0.6207665801048279},"size":2.6224544048309328,"orthographic":false}