{"cameraMode":{"drawMode":0,"name":"Shaded","section":"Shading Mode"},"sceneLighting":true,"audioPlay":false,"sceneViewState":{"showFog":true,"showMaterialUpdate":false,"showSkybox":true,"showFlares":true,"showImageEffects":true,"showParticleSystems":true},"in2DMode":false,"pivot":{"x":-13.992839813232422,"y":-7.390748977661133,"z":-6.286052227020264},"rotation":{"x":-0.1269032061100006,"y":0.8634845614433289,"z":-0.268812358379364,"w":-0.4075777530670166},"size":35.74407196044922,"orthographic":false}