{"cameraMode":{"drawMode":0,"name":"Shaded","section":"Shading Mode"},"sceneLighting":true,"audioPlay":false,"sceneViewState":{"showFog":true,"showMaterialUpdate":false,"showSkybox":true,"showFlares":true,"showImageEffects":true,"showParticleSystems":true},"in2DMode":false,"pivot":{"x":36.076255798339847,"y":66.98800659179688,"z":24.614028930664064},"rotation":{"x":-0.3488464653491974,"y":0.6227765083312988,"z":-0.3636242747306824,"w":-0.5988391041755676},"size":4.813721656799316,"orthographic":false}