{"cameraMode":{"drawMode":0,"name":"Shaded","section":"Shading Mode"},"sceneLighting":true,"audioPlay":false,"sceneViewState":{"showFog":true,"showMaterialUpdate":false,"showSkybox":true,"showFlares":true,"showImageEffects":true,"showParticleSystems":true},"in2DMode":false,"pivot":{"x":-24.133577346801759,"y":-12.255684852600098,"z":-24.688770294189454},"rotation":{"x":0.27187690138816836,"y":0.5919409990310669,"z":-0.22179526090621949,"w":0.7256022691726685},"size":42.45738983154297,"orthographic":false}