{"cameraMode":{"drawMode":0,"name":"Shaded","section":"Shading Mode"},"sceneLighting":true,"audioPlay":false,"sceneViewState":{"showFog":true,"showMaterialUpdate":false,"showSkybox":true,"showFlares":true,"showImageEffects":true,"showParticleSystems":true},"in2DMode":false,"pivot":{"x":-0.830872118473053,"y":-0.5248735547065735,"z":-3.817978858947754},"rotation":{"x":0.008442556485533715,"y":-0.9744006395339966,"z":0.22179588675498963,"w":0.03715568035840988},"size":8.898509979248047,"orthographic":false}