{"cameraMode":{"drawMode":0,"name":"Shaded","section":"Shading Mode"},"sceneLighting":true,"audioPlay":false,"sceneViewState":{"showFog":true,"showMaterialUpdate":false,"showSkybox":true,"showFlares":true,"showImageEffects":true,"showParticleSystems":true},"in2DMode":false,"pivot":{"x":-54.79832458496094,"y":-16.264060974121095,"z":21.151947021484376},"rotation":{"x":-0.1502971649169922,"y":0.736842155456543,"z":-0.6357834935188294,"w":-0.17424476146697999},"size":24.332229614257814,"orthographic":false}