{"cameraMode":{"drawMode":0,"name":"Shaded","section":"Shading Mode"},"sceneLighting":false,"audioPlay":false,"sceneViewState":{"showFog":true,"showMaterialUpdate":false,"showSkybox":true,"showFlares":true,"showImageEffects":true,"showParticleSystems":true},"in2DMode":false,"pivot":{"x":0.29820460081100466,"y":0.9898552298545837,"z":-3.5873537063598635},"rotation":{"x":0.16500072181224824,"y":0.8145263195037842,"z":-0.280578076839447,"w":0.4804367125034332},"size":11.324250221252442,"orthographic":false}