{"cameraMode":{"drawMode":0,"name":"Shaded","section":"Shading Mode"},"sceneLighting":false,"audioPlay":false,"sceneViewState":{"showFog":true,"showMaterialUpdate":false,"showSkybox":true,"showFlares":true,"showImageEffects":true,"showParticleSystems":true},"in2DMode":false,"pivot":{"x":19.958984375,"y":0.34168633818626406,"z":3.312695026397705},"rotation":{"x":0.14337065815925599,"y":-0.11849572509527207,"z":0.017210442572832109,"w":0.9824563264846802},"size":6.157886028289795,"orthographic":false}