{"cameraMode":{"drawMode":0,"name":"Shaded","section":"Shading Mode"},"sceneLighting":true,"audioPlay":false,"sceneViewState":{"showFog":true,"showMaterialUpdate":false,"showSkybox":true,"showFlares":true,"showImageEffects":true,"showParticleSystems":true},"in2DMode":false,"pivot":{"x":4.193957805633545,"y":2.664414644241333,"z":-1.0654655694961548},"rotation":{"x":-0.11372002959251404,"y":0.5527272820472717,"z":-0.07634803652763367,"w":-0.8220892548561096},"size":0.7144709229469299,"orthographic":false}