{"cameraMode":{"drawMode":0,"name":"Shaded","section":"Shading Mode"},"sceneLighting":false,"audioPlay":false,"sceneViewState":{"showFog":true,"showMaterialUpdate":false,"showSkybox":true,"showFlares":true,"showImageEffects":true,"showParticleSystems":true},"in2DMode":false,"pivot":{"x":18.660024642944337,"y":-2.2474184036254885,"z":11.795486450195313},"rotation":{"x":0.09376009553670883,"y":0.010427518747746945,"z":-0.001053402666002512,"w":0.995599091053009},"size":10.00564956665039,"orthographic":false}