{"cameraMode":{"drawMode":0,"name":"Shaded","section":"Shading Mode"},"sceneLighting":false,"audioPlay":false,"sceneViewState":{"showFog":true,"showMaterialUpdate":false,"showSkybox":true,"showFlares":true,"showImageEffects":true,"showParticleSystems":true},"in2DMode":false,"pivot":{"x":0.6482162475585938,"y":0.547444224357605,"z":2.3615939617156984},"rotation":{"x":0.2188352644443512,"y":0.2973562479019165,"z":-0.07021956890821457,"w":0.9266930222511292},"size":9.468667030334473,"orthographic":false}