{"cameraMode":{"drawMode":0,"name":"Shaded","section":"Shading Mode"},"sceneLighting":true,"audioPlay":false,"sceneViewState":{"showFog":true,"showMaterialUpdate":false,"showSkybox":true,"showFlares":true,"showImageEffects":true,"showParticleSystems":true},"in2DMode":false,"pivot":{"x":-5.232665538787842,"y":-10.473695755004883,"z":54.15869903564453},"rotation":{"x":-0.13180916011333466,"y":0.042211271822452548,"z":-0.005614882335066795,"w":-0.9903988838195801},"size":45.9111328125,"orthographic":false}