{"cameraMode":{"drawMode":0,"name":"Shaded","section":"Shading Mode"},"sceneLighting":false,"audioPlay":false,"sceneViewState":{"showFog":true,"showMaterialUpdate":false,"showSkybox":true,"showFlares":true,"showImageEffects":true,"showParticleSystems":true},"in2DMode":false,"pivot":{"x":16.088037490844728,"y":0.7500001192092896,"z":3.857844829559326},"rotation":{"x":0.012085503898561,"y":0.9648934602737427,"z":-0.2595648467540741,"w":0.042957812547683719},"size":13.070466041564942,"orthographic":false}