{"cameraMode":{"drawMode":0,"name":"Shaded","section":"Shading Mode"},"sceneLighting":false,"audioPlay":false,"sceneViewState":{"showFog":true,"showMaterialUpdate":false,"showSkybox":true,"showFlares":true,"showImageEffects":true,"showParticleSystems":true},"in2DMode":false,"pivot":{"x":0.8463442921638489,"y":1.4207947254180909,"z":0.5725669860839844},"rotation":{"x":-0.13608981668949128,"y":-0.8591314554214478,"z":0.2965778112411499,"w":-0.39422735571861269},"size":13.284995079040528,"orthographic":false}