{"cameraMode":{"drawMode":0,"name":"Shaded","section":"Shading Mode"},"sceneLighting":true,"audioPlay":false,"sceneViewState":{"showFog":true,"showMaterialUpdate":false,"showSkybox":true,"showFlares":true,"showImageEffects":true,"showParticleSystems":true},"in2DMode":false,"pivot":{"x":0.3746558129787445,"y":3.5725693702697756,"z":3.658414363861084},"rotation":{"x":0.15648584067821504,"y":-0.8422867655754089,"z":0.3469020426273346,"w":0.38235193490982058},"size":6.402138710021973,"orthographic":false}