{"cameraMode":{"drawMode":0,"name":"Shaded","section":"Shading Mode"},"sceneLighting":false,"audioPlay":false,"sceneViewState":{"showFog":true,"showMaterialUpdate":false,"showSkybox":true,"showFlares":true,"showImageEffects":true,"showParticleSystems":true},"in2DMode":false,"pivot":{"x":-32.840274810791019,"y":-6.838768005371094,"z":31.666276931762697},"rotation":{"x":-0.17369183897972108,"y":0.7784877419471741,"z":-0.5509635210037231,"w":-0.24541868269443513},"size":48.14207458496094,"orthographic":false}