{"cameraMode":{"drawMode":0,"name":"Shaded","section":"Shading Mode"},"sceneLighting":false,"audioPlay":false,"sceneViewState":{"showFog":true,"showMaterialUpdate":false,"showSkybox":true,"showFlares":true,"showImageEffects":true,"showParticleSystems":true},"in2DMode":false,"pivot":{"x":-1.5091121196746827,"y":-0.7484459280967712,"z":-0.8097132444381714},"rotation":{"x":-0.2914988398551941,"y":0.5226935148239136,"z":-0.19590429961681367,"w":-0.7770060300827026},"size":3.7770230770111086,"orthographic":false}