{"cameraMode":{"drawMode":0,"name":"Shaded","section":"Shading Mode"},"sceneLighting":false,"audioPlay":false,"sceneViewState":{"showFog":true,"showMaterialUpdate":false,"showSkybox":true,"showFlares":true,"showImageEffects":true,"showParticleSystems":true},"in2DMode":false,"pivot":{"x":-0.9572420716285706,"y":0.11974239349365235,"z":0.413368821144104},"rotation":{"x":0.15629342198371888,"y":0.8416042923927307,"z":-0.39433276653289797,"w":0.33466169238090517},"size":12.772848129272461,"orthographic":false}