{"cameraMode":{"drawMode":0,"name":"Shaded","section":"Shading Mode"},"sceneLighting":false,"audioPlay":false,"sceneViewState":{"showFog":true,"showMaterialUpdate":false,"showSkybox":true,"showFlares":true,"showImageEffects":true,"showParticleSystems":true},"in2DMode":false,"pivot":{"x":-44.847389221191409,"y":-39.26683044433594,"z":3.9340476989746095},"rotation":{"x":-0.06354303658008576,"y":0.9203222393989563,"z":-0.34735310077667239,"w":-0.16830921173095704},"size":90.1895980834961,"orthographic":false}