{"cameraMode":{"drawMode":0,"name":"Shaded","section":"Shading Mode"},"sceneLighting":false,"audioPlay":false,"sceneViewState":{"showFog":true,"showMaterialUpdate":false,"showSkybox":true,"showFlares":true,"showImageEffects":true,"showParticleSystems":true},"in2DMode":false,"pivot":{"x":0.08134550601243973,"y":1.1875,"z":-7.927945137023926},"rotation":{"x":0.2189035415649414,"y":-0.7539829611778259,"z":0.3067585527896881,"w":0.5380434393882752},"size":7.873964309692383,"orthographic":false}