{"cameraMode":{"drawMode":0,"name":"Shaded","section":"Shading Mode"},"sceneLighting":false,"audioPlay":false,"sceneViewState":{"showFog":true,"showMaterialUpdate":false,"showSkybox":true,"showFlares":true,"showImageEffects":true,"showParticleSystems":true},"in2DMode":false,"pivot":{"x":-15.324453353881836,"y":-5.123943328857422,"z":-15.641984939575196},"rotation":{"x":-0.06646338850259781,"y":0.9309538006782532,"z":-0.21543258428573609,"w":-0.2873612642288208},"size":20.609722137451173,"orthographic":false}