{"cameraMode":{"drawMode":0,"name":"Shaded","section":"Shading Mode"},"sceneLighting":true,"audioPlay":false,"sceneViewState":{"showFog":true,"showMaterialUpdate":false,"showSkybox":true,"showFlares":true,"showImageEffects":true,"showParticleSystems":true},"in2DMode":false,"pivot":{"x":0.5839548110961914,"y":3.9298248291015627,"z":1.445874810218811},"rotation":{"x":-0.11968698352575302,"y":0.8213145732879639,"z":-0.18695960938930512,"w":-0.5258620977401733},"size":3.9309933185577394,"orthographic":false}