{"cameraMode":{"drawMode":0,"name":"Shaded","section":"Shading Mode"},"sceneLighting":false,"audioPlay":false,"sceneViewState":{"showFog":true,"showMaterialUpdate":false,"showSkybox":true,"showFlares":true,"showImageEffects":true,"showParticleSystems":true},"in2DMode":false,"pivot":{"x":-17.10516929626465,"y":-2.3498191833496095,"z":10.213115692138672},"rotation":{"x":0.31562748551368716,"y":0.18327084183692933,"z":-0.061519790440797809,"w":0.9292157888412476},"size":25.893630981445314,"orthographic":false}