{"cameraMode":{"drawMode":0,"name":"Shaded","section":"Shading Mode"},"sceneLighting":true,"audioPlay":false,"sceneViewState":{"showFog":true,"showMaterialUpdate":false,"showSkybox":true,"showFlares":true,"showImageEffects":true,"showParticleSystems":true},"in2DMode":false,"pivot":{"x":-9.15206527709961,"y":-4.562252998352051,"z":-17.519216537475587},"rotation":{"x":0.026981012895703317,"y":-0.9666767716407776,"z":0.1144958883523941,"w":0.22763434052467347},"size":24.332229614257814,"orthographic":false}