{"cameraMode":{"drawMode":0,"name":"Shaded","section":"Shading Mode"},"sceneLighting":false,"audioPlay":false,"sceneViewState":{"showFog":true,"showMaterialUpdate":false,"showSkybox":true,"showFlares":true,"showImageEffects":true,"showParticleSystems":true},"in2DMode":false,"pivot":{"x":-17.853288650512697,"y":-5.789365291595459,"z":1.3660434484481812},"rotation":{"x":-0.07101447880268097,"y":-0.8503526449203491,"z":0.50797039270401,"w":-0.11857981234788895},"size":40.6346321105957,"orthographic":false}