{"cameraMode":{"drawMode":0,"name":"Shaded","section":"Shading Mode"},"sceneLighting":false,"audioPlay":false,"sceneViewState":{"showFog":true,"showMaterialUpdate":false,"showSkybox":true,"showFlares":true,"showImageEffects":true,"showParticleSystems":true},"in2DMode":false,"pivot":{"x":-1.2107646465301514,"y":8.26088809967041,"z":0.12823772430419923},"rotation":{"x":0.2036941796541214,"y":-0.7463617324829102,"z":0.2639308273792267,"w":0.5760279297828674},"size":17.230709075927736,"orthographic":false}