{"cameraMode":{"drawMode":0,"name":"Shaded","section":"Shading Mode"},"sceneLighting":true,"audioPlay":false,"sceneViewState":{"showFog":true,"showMaterialUpdate":false,"showSkybox":true,"showFlares":true,"showImageEffects":true,"showParticleSystems":true},"in2DMode":false,"pivot":{"x":-13.012659072875977,"y":49.32404327392578,"z":35.132476806640628},"rotation":{"x":0.01230692584067583,"y":0.8536773920059204,"z":-0.5207947492599487,"w":0.01805654726922512},"size":62.50197219848633,"orthographic":false}