{"cameraMode":{"drawMode":0,"name":"Shaded","section":"Shading Mode"},"sceneLighting":false,"audioPlay":false,"sceneViewState":{"showFog":true,"showMaterialUpdate":false,"showSkybox":true,"showFlares":true,"showImageEffects":true,"showParticleSystems":true},"in2DMode":false,"pivot":{"x":0.5383018255233765,"y":-24.557279586791993,"z":66.26883697509766},"rotation":{"x":-0.2687824070453644,"y":0.5747504830360413,"z":-0.2076498121023178,"w":-0.7446803450584412},"size":122.3290786743164,"orthographic":false}