{"cameraMode":{"drawMode":0,"name":"Shaded","section":"Shading Mode"},"sceneLighting":false,"audioPlay":false,"sceneViewState":{"showFog":true,"showMaterialUpdate":false,"showSkybox":true,"showFlares":true,"showImageEffects":true,"showParticleSystems":true},"in2DMode":false,"pivot":{"x":-1.0687462091445923,"y":2.40496563911438,"z":-4.080121994018555},"rotation":{"x":-0.29011106491088869,"y":-0.6070616841316223,"z":0.25337308645248415,"w":-0.6950779557228088},"size":33.72315979003906,"orthographic":false}