{"cameraMode":{"drawMode":0,"name":"Shaded","section":"Shading Mode"},"sceneLighting":false,"audioPlay":false,"sceneViewState":{"showFog":true,"showMaterialUpdate":false,"showSkybox":true,"showFlares":true,"showImageEffects":true,"showParticleSystems":true},"in2DMode":false,"pivot":{"x":-0.8469720482826233,"y":1.8862487077713013,"z":-0.9110023379325867},"rotation":{"x":0.25067681074142458,"y":0.651843249797821,"z":-0.2426828294992447,"w":0.6733344793319702},"size":14.187098503112793,"orthographic":false}