{"cameraMode":{"drawMode":0,"name":"Shaded","section":"Shading Mode"},"sceneLighting":false,"audioPlay":false,"sceneViewState":{"showFog":true,"showMaterialUpdate":false,"showSkybox":true,"showFlares":true,"showImageEffects":true,"showParticleSystems":true},"in2DMode":false,"pivot":{"x":7.152557373046875e-7,"y":2.000000238418579,"z":2.384185791015625e-7},"rotation":{"x":0.3410494327545166,"y":-0.06479150801897049,"z":0.023569928482174875,"w":0.9375141859054565},"size":19.80044937133789,"orthographic":false}