{"cameraMode":{"drawMode":0,"name":"Shaded","section":"Shading Mode"},"sceneLighting":false,"audioPlay":false,"sceneViewState":{"showFog":true,"showMaterialUpdate":false,"showSkybox":true,"showFlares":true,"showImageEffects":true,"showParticleSystems":true},"in2DMode":false,"pivot":{"x":-0.8190465569496155,"y":2.5347912311553957,"z":-0.30914855003356936},"rotation":{"x":0.2915971875190735,"y":-0.43124091625213625,"z":0.14959119260311128,"w":0.8406108617782593},"size":12.93278980255127,"orthographic":false}