{"cameraMode":{"drawMode":0,"name":"Shaded","section":"Shading Mode"},"sceneLighting":false,"audioPlay":false,"sceneViewState":{"showFog":true,"showMaterialUpdate":false,"showSkybox":true,"showFlares":true,"showImageEffects":true,"showParticleSystems":true},"in2DMode":false,"pivot":{"x":1.2882356643676758,"y":1.6588735580444337,"z":0.6513628959655762},"rotation":{"x":0.44570210576057436,"y":0.3833436071872711,"z":-0.21944163739681245,"w":0.7786232829093933},"size":12.36330795288086,"orthographic":false}