{"cameraMode":{"drawMode":0,"name":"Shaded","section":"Shading Mode"},"sceneLighting":true,"audioPlay":false,"sceneViewState":{"showFog":true,"showMaterialUpdate":false,"showSkybox":true,"showFlares":true,"showImageEffects":true,"showParticleSystems":true},"in2DMode":false,"pivot":{"x":5.200304985046387,"y":2.9546895027160646,"z":-7.529369354248047},"rotation":{"x":0.12419618666172028,"y":-0.1907486468553543,"z":0.024336446076631547,"w":0.9734466671943665},"size":11.338272094726563,"orthographic":false}